{
  "project_info": {
    "project_number": "874243500793",
    "project_id": "flash1-e86ff",
    "storage_bucket": "flash1-e86ff.appspot.com"
  },
  "client": [
    {
      "client_info": {
        "mobilesdk_app_id": "1:874243500793:android:02914143c758051eef5028",
        "android_client_info": {
          "package_name": "com.anne.kotlinmessenger"
        }
      },
      "oauth_client": [
        {
          "client_id": "874243500793-uts8cl2gnnk8rn5g89a51mk2f5puneae.apps.googleusercontent.com",
          "client_type": 3
        }
      ],
      "api_key": [
        {
          "current_key": "AIzaSyBfx358YS2xVNHjxxTEBQ9Sehly2l3I9K4"
        }
      ],
      "services": {
        "appinvite_service": {
          "other_platform_oauth_client": [
            {
              "client_id": "874243500793-uts8cl2gnnk8rn5g89a51mk2f5puneae.apps.googleusercontent.com",
              "client_type": 3
            }
          ]
        }
      }
    }
  ],
  "configuration_version": "1"
}